<?xml version="1.0" encoding="utf-8"?>
<uexplugins>
    <plugin uexName="uexJPush" version="4.0.16" build="201901091234">
        <info>13.修改点击通知栏点击，没有回调</info>
        <build>12.更新极光推送SDK3.1.8</build>
        <build>11.修改接收回调延迟时间为3s</build>
        <build>7.修改SDk为3.1.3</build>
        <build>6.修改华为小米离线接受不到推送的问题，修改SDk为3.1.3</build>
        <build>5.升级JPushSDK至3.1.5,集成小米华为魅族多通道推送平台</build>
        <build>4.升级JPushSDK至3.1.3</build>
        <build>3.监听方法没有回调给root页面</build>
        <build>2.升级JPushSDK至3.0.6</build>
        <build>1.修复onReceiveNotificationOpen回调两次的问题</build>
        <build>0.支持function参数传入</build>
    </plugin>
</uexplugins>
